City ID,City Name,Cloudiness,Country,Date of Request,Humidity,Latitude,Longitude,Temperature,Wind Speed
0,Kapaa,25,US,1659650282,66,22.0752,-159.319,83.48,5.01
1,Hilo,0,US,1659650061,79,19.7297,-155.09,87.28,8.99
2,Rikitea,97,PF,1659650294,70,-23.1203,-134.9692,70.7,19.44
3,Faanui,42,PF,1659650876,78,-16.4833,-151.75,77.34,25.28
4,Saint-Philippe,33,RE,1659650293,78,-21.3585,55.7679,65.79,11.12
5,Punta Arenas,75,CL,1659650285,87,-53.15,-70.9167,41.11,0.0
6,Mataura,100,NZ,1659650295,86,-46.1927,168.8643,57.47,4.97
7,Vaini,75,TO,1659650318,83,-21.2,-175.2,78.96,10.36
8,Merauke,78,ID,1659650344,87,-8.4667,140.3333,77.54,8.99
9,Margate,100,GB,1659650178,83,51.3813,1.3862,68.31,4.0
10,Los Llanos de Aridane,100,ES,1659650840,90,28.6585,-17.9182,69.55,17.27
12,Leningradskiy,100,RU,1659650404,92,69.3833,178.4167,38.07,8.93
13,Havøysund,72,NO,1659650877,89,70.9963,24.6622,57.43,13.4
14,Ushuaia,75,AR,1659650283,70,-54.8,-68.3,40.66,1.14
16,Ilulissat,100,GL,1659650410,99,69.2167,-51.1,37.83,5.12
17,Tuktoyaktuk,75,CA,1659650308,40,69.4541,-133.0374,68.0,6.91
18,Bogorodskoye,72,RU,1659650878,60,56.55,37.8833,69.17,4.72
19,Naze,99,JP,1659650348,84,28.3667,129.4833,77.92,7.9
21,Arrondissement de Lannion,9,FR,1659650879,74,48.75,-3.4167,60.01,1.01
22,Ndélé,100,CF,1659650775,98,8.4109,20.6473,67.35,1.79
23,Mar del Plata,20,AR,1659650350,81,-38.0023,-57.5575,46.42,4.61
24,Krasnosel'kup,55,RU,1659650879,66,65.7,82.4667,56.37,10.22
25,Luanda,100,AO,1659650666,83,-8.8368,13.2343,68.0,8.05
26,Busselton,100,AU,1659650286,73,-33.65,115.3333,51.62,5.73
27,Constitución,100,CL,1659650312,83,-35.3333,-72.4167,51.84,9.62
28,Saint Anthony,0,US,1659650334,38,45.0205,-93.218,89.29,4.81
29,Sørland,81,NO,1659650398,75,67.667,12.6934,53.46,11.21
30,Sioux Lookout,60,CA,1659650880,36,50.1001,-91.917,75.36,6.33
31,Comodoro Rivadavia,0,AR,1659650726,43,-45.8667,-67.5,48.06,18.41
32,Aklavik,31,CA,1659650456,33,68.2191,-135.0107,76.95,7.61
34,Geraldton,100,AU,1659650160,93,-28.7667,114.6,48.61,6.91
35,Jalu,0,LY,1659650881,43,29.0331,21.5482,84.02,13.53
36,Methóni,33,GR,1659650882,50,36.8197,21.7049,83.21,5.48
37,Pisco,0,PE,1659650051,72,-13.7,-76.2167,64.45,11.5
38,Pevek,100,RU,1659650012,96,69.7008,170.3133,36.86,6.82
39,Sitka,92,US,1659650395,77,57.0531,-135.33,63.09,4.72
40,Hermanus,79,ZA,1659650321,77,-34.4187,19.2345,46.8,6.4
41,Airai,26,TL,1659650312,80,-8.9266,125.4092,55.13,1.99
42,Turbat,87,PK,1659650883,78,26.0023,63.044,83.28,4.92
43,Shimoda,94,JP,1659650883,90,34.6667,138.95,72.1,11.45
44,Tiksi,85,RU,1659650883,68,71.6872,128.8694,47.1,1.05
45,Fortuna,20,US,1659650884,68,40.5982,-124.1573,74.93,11.5
46,Camacha,75,PT,1659650884,88,33.0833,-16.3333,67.42,11.5
47,Trencin,1,SK,1659650885,68,48.8333,18.25,66.85,3.69
48,Anderson,75,US,1659650836,68,34.5334,-82.6499,92.19,10.36
49,Ugoofaaru,100,MV,1659650885,82,5.6667,73.0,80.46,21.79
50,Bima,26,ID,1659650886,92,-8.4667,118.7167,72.25,3.85
51,Bluff,100,NZ,1659650292,58,-46.6,168.3333,57.79,23.49
52,Raudeberg,60,NO,1659650886,73,61.9875,5.1352,50.86,14.79
53,Bredasdorp,90,ZA,1659650338,92,-34.5322,20.0403,48.96,5.3
54,Valentín Gómez Farías,65,MX,1659650887,27,28.2167,-106.5833,87.04,10.94
55,Nouadhibou,100,MR,1659650887,86,20.931,-17.0347,71.6,11.74
56,New Norfolk,69,AU,1659650887,67,-42.7826,147.0587,45.9,1.92
57,Puerto Ayora,54,EC,1659650333,83,-0.7393,-90.3518,76.96,8.99
58,Barrow,94,US,1659650368,63,71.2906,-156.7887,56.28,14.76
59,Mabaruma,75,GY,1659650376,88,8.2,-59.7833,77.0,4.61
60,Sola,13,VU,1659650445,73,-13.8833,167.55,81.1,15.46
61,Lagunas,100,PE,1659650888,86,-5.2269,-75.6753,77.77,2.24
62,Mananara,86,MG,1659650889,92,-16.1667,49.7667,65.59,3.96
63,Mthatha,96,ZA,1659650889,86,-31.5889,28.7844,57.16,2.19
64,Bambous Virieux,40,MU,1659650889,68,-20.3428,57.7575,70.05,16.11
65,Mount Gambier,94,AU,1659650340,97,-37.8333,140.7667,45.36,6.85
66,Ratnagiri,100,IN,1659650890,88,16.9833,73.3,79.07,8.48
67,Kloulklubed,100,PW,1659650427,73,7.0419,134.2556,83.48,9.28
68,Half Moon Bay,75,US,1659650890,65,37.4636,-122.4286,90.45,20.71
70,Nabire,85,ID,1659650891,91,-3.3667,135.4833,75.92,2.93
71,Kaitangata,100,NZ,1659650305,69,-46.2817,169.8464,52.59,8.3
72,Moree,75,AU,1659650891,94,-29.4667,149.85,60.82,9.22
74,Cockburn Town,10,TC,1659650892,77,21.4612,-71.1419,82.24,20.15
75,Lavrentiya,98,RU,1659650892,93,65.5833,-171.0,48.96,6.53
76,Lompoc,56,US,1659650295,55,34.6391,-120.4579,79.02,8.99
77,Davenda,99,RU,1659650893,94,53.5556,119.317,58.37,7.65
78,Hithadhoo,95,MV,1659650327,72,-0.6,73.0833,80.71,10.85
79,Tuatapere,100,NZ,1659650334,60,-46.1333,167.6833,54.66,9.71
80,Butaritari,67,KI,1659650313,76,3.0707,172.7902,81.48,11.7
81,Mehamn,65,NO,1659650894,82,71.0357,27.8492,57.15,13.8
82,Bathsheba,40,BB,1659650357,88,13.2167,-59.5167,84.81,18.41
83,Tura,77,IN,1659650894,96,25.5198,90.2201,73.99,2.75
84,Lebu,99,CL,1659650324,70,-37.6167,-73.65,49.41,4.97
86,Plettenberg Bay,100,ZA,1659650440,84,-34.0527,23.3716,55.96,2.06
87,Lamin,100,GM,1659650895,84,13.3522,-16.4339,79.2,5.84
88,Saldanha,41,ZA,1659650403,84,-33.0117,17.9442,52.52,7.54
89,Ulladulla,0,AU,1659650895,56,-35.35,150.4667,60.01,8.43
90,Goderich,91,CA,1659650413,81,43.7501,-81.7165,72.91,8.72
91,Albany,40,US,1659650888,61,42.6001,-73.9662,84.36,15.05
92,Ribeira Grande,40,PT,1659650376,94,38.5167,-28.7,75.6,3.44
94,Yellowknife,75,CA,1659650308,48,62.456,-114.3525,64.92,10.36
95,Cherskiy,100,RU,1659650298,82,68.75,161.3,44.33,7.2
97,San Quintín,19,MX,1659650309,73,30.4833,-115.95,75.42,16.64
99,Iqaluit,100,CA,1659650897,97,63.7506,-68.5145,37.89,10.8
100,Mīnāb,2,IR,1659650897,73,27.1467,57.0801,89.13,3.85
101,Kavaratti,100,IN,1659650299,85,10.5669,72.642,78.55,32.12
103,Salalah,99,OM,1659650381,92,17.0151,54.0924,77.63,1.7
104,Litovko,100,RU,1659650898,91,49.2361,135.1742,64.47,7.47
105,Padang,100,ID,1659650429,80,-0.9492,100.3543,76.62,3.94
106,Tasiilaq,100,GL,1659650899,84,65.6145,-37.6368,39.36,2.39
107,Rodolfo Sánchez Taboada,96,MX,1659650899,79,31.7167,-116.5667,73.09,3.0
108,Pacific Grove,0,US,1659650652,80,36.6177,-121.9166,80.24,13.8
110,Maragogi,2,BR,1659650447,80,-9.0122,-35.2225,74.62,9.98
111,Souillac,40,MU,1659650438,68,-20.5167,57.5167,70.18,16.11
112,Coquimbo,0,CL,1659650900,67,-29.9533,-71.3436,58.73,9.22
114,Dikson,100,RU,1659650306,100,73.5069,80.5464,44.53,12.37
115,Sinnamary,23,GF,1659650900,79,5.3833,-52.95,79.92,10.56
116,São João da Barra,62,BR,1659650355,83,-21.6403,-41.0511,75.29,18.72
117,George Town,20,MY,1659650261,94,5.4112,100.3354,80.53,3.44
118,Kabul,71,AF,1659650704,50,34.5,69.4167,72.93,1.86
119,Tual,100,ID,1659650901,84,-5.6667,132.75,79.83,6.73
120,Żurrieq,0,MT,1659650902,74,35.8311,14.4742,80.96,1.14
121,Christchurch,87,NZ,1659650705,44,-43.5333,172.6333,56.48,11.5
122,Sur,97,OM,1659650902,69,22.5667,59.5289,84.76,10.45
123,Mayumba,37,GA,1659650902,92,-3.432,10.6554,68.41,7.2
124,Saint Paul Harbor,100,US,1659650658,72,57.79,-152.4072,62.11,3.44
125,Hervey Bay,66,AU,1659650903,93,-25.2986,152.8535,67.01,4.0
126,Young,100,UY,1659650903,77,-32.6833,-57.6333,49.69,7.11
127,Baykit,100,RU,1659650368,95,61.67,96.37,43.81,3.2
128,Port Elizabeth,0,ZA,1659650325,92,-33.918,25.5701,53.31,5.75
129,Chapais,47,CA,1659650904,37,49.7834,-74.8492,68.29,7.45
130,East London,100,ZA,1659650327,71,-33.0153,27.9116,64.31,3.24
131,Usakos,2,NA,1659650904,19,-22.0,15.6,59.07,4.12
132,Conde,0,BR,1659650905,94,-7.2597,-34.9075,74.66,12.66
133,Avarua,40,CK,1659650328,73,-21.2078,-159.775,77.05,18.41
135,Hobart,0,AU,1659650716,89,-42.8794,147.3294,46.26,5.75
136,Yar-Sale,10,RU,1659650384,88,66.8333,70.8333,55.58,6.46
137,Dingle,100,PH,1659650906,91,10.9995,122.6711,76.03,0.98
138,Correntina,31,BR,1659650906,33,-13.3433,-44.6367,80.24,4.47
139,Castro,69,BR,1659650319,55,-24.7911,-50.0119,65.3,4.45
140,Aberdeen,60,GB,1659650850,87,57.1437,-2.0981,52.48,2.3
141,Intipucá,99,SV,1659650907,56,13.1969,-88.0544,84.61,3.27
142,Pitimbu,3,BR,1659650907,79,-7.4706,-34.8086,75.79,11.1
143,Quetta,10,PK,1659650907,61,30.199,67.0097,75.4,4.76
144,Chokurdakh,100,RU,1659650323,66,70.6333,147.9167,46.45,13.11
145,Warrnambool,93,AU,1659650725,88,-38.3833,142.4833,49.19,15.48
146,Lorengau,100,PG,1659650908,79,-2.0226,147.2712,82.49,9.8
147,Clyde River,75,CA,1659650352,87,70.4692,-68.5914,44.83,14.97
148,Valtice,0,CZ,1659650908,41,48.7407,16.755,74.68,2.62
149,Marga,0,RO,1659650909,52,45.5,22.5167,65.86,4.47
150,Dudinka,96,RU,1659650380,76,69.4058,86.1778,61.63,8.05
151,Longyearbyen,100,SJ,1659650909,96,78.2186,15.6401,46.47,0.43
152,Joshīmath,99,IN,1659650910,97,30.5667,79.5667,70.16,0.98
153,Atar,4,MR,1659650910,29,20.5169,-13.0499,94.33,11.52
154,Taos,75,US,1659650910,63,36.4072,-105.5731,72.0,18.41
155,Bethel,21,US,1659650311,59,41.3712,-73.414,94.77,10.92
156,Malaṅgawā,80,NP,1659650911,89,26.8568,85.5581,79.72,5.95
157,Cape Town,88,ZA,1659650662,88,-33.9258,18.4232,54.91,5.01
159,Lüderitz,0,NA,1659650431,79,-26.6481,15.1594,55.99,12.75
160,Qaqortoq,92,GL,1659650912,82,60.7167,-46.0333,48.25,3.33
161,Alamosa,0,US,1659650912,53,37.4695,-105.87,73.38,6.91
162,Águilas,0,ES,1659650912,61,37.4063,-1.5829,81.72,5.97
163,Cabo San Lucas,3,MX,1659650378,69,22.8909,-109.9124,93.61,1.99
164,Aromashevo,55,RU,1659650913,83,56.8602,68.6375,57.81,3.09
165,Bilibino,100,RU,1659650359,80,68.0546,166.4372,48.13,6.55
166,Huilong,2,CN,1659650913,84,31.8111,121.655,84.92,11.39
167,Severo-Kuril'sk,74,RU,1659650914,82,50.6789,156.125,55.44,10.47
168,Laas,51,IT,1659650914,84,46.6166,10.7002,70.36,2.33
169,Pangai,100,TO,1659650914,78,-19.8,-174.35,77.0,19.73
170,Jamestown,75,US,1659650655,52,42.097,-79.2353,83.01,8.05
171,Khatanga,90,RU,1659650915,74,71.9667,102.5,54.14,5.01
172,Cidreira,38,BR,1659650915,78,-30.1811,-50.2056,68.81,14.14
173,Strezhevoy,76,RU,1659650916,70,60.7333,77.5889,58.15,5.55
174,Chuzhou,7,CN,1659650713,77,32.3219,118.2978,84.47,3.11
175,Adrar,1,MR,1659650916,28,20.5022,-10.0711,95.47,19.15
177,Praia,61,CV,1659650917,80,14.9215,-23.5087,77.68,8.21
178,Norman Wells,70,CA,1659650443,33,65.282,-126.8329,76.06,2.01
179,Te Horo,99,NZ,1659650917,86,-40.8084,175.1233,53.8,3.0
180,Mabasa,100,PH,1659650917,99,16.321,121.1262,72.16,1.72
181,Kamloops,75,CA,1659650738,81,50.6665,-120.3192,60.75,8.05
182,Vrangel',100,RU,1659650918,97,42.7297,133.0839,71.96,4.54
183,Vilyuysk,100,RU,1659650918,59,63.7553,121.6247,55.92,8.66
184,Hasaki,100,JP,1659650919,90,35.7333,140.8333,73.8,15.7
185,Santa Isabel Rio Negro,72,BR,1659650919,89,-0.4139,-65.0192,77.97,2.26
186,Monrovia,100,LR,1659650919,81,6.3005,-10.7969,74.97,11.59
187,Loíza,40,PR,1659650920,88,18.4313,-65.8802,84.18,16.11
188,Dongning,100,CN,1659650920,92,44.0622,131.1207,73.54,3.09
190,São Filipe,91,CV,1659650921,81,14.8961,-24.4956,77.05,7.25
191,Adeje,0,ES,1659650921,73,28.1227,-16.726,72.88,14.97
192,Atuona,25,PF,1659650726,75,-9.8,-139.0333,77.2,19.1
193,Zhigansk,100,RU,1659650393,59,66.7697,123.3711,49.19,21.92
194,Acapulco de Juárez,0,MX,1659650897,70,16.8634,-99.8901,87.62,5.75
195,Katsuura,100,JP,1659650922,91,35.1333,140.3,74.75,16.24
196,Baharly,2,TM,1659650922,22,38.4362,57.4316,88.12,4.34
197,Pundaguitan,100,PH,1659650922,77,6.3711,126.1689,81.43,5.53
198,Say,72,NE,1659650923,89,13.1007,2.3689,75.61,7.81
199,Tsalka,2,GE,1659650923,83,41.5946,44.0891,60.94,2.98
200,Dolores,75,AR,1659650923,71,-36.3132,-57.6792,46.35,4.32
201,Mahibadhoo,100,MV,1659650924,80,3.7833,72.9667,80.4,20.36
202,Touros,14,BR,1659650217,80,-5.1989,-35.4608,75.97,11.56
203,Kérouané,100,GN,1659650924,97,9.2667,-9.0167,69.35,3.6
205,Charleville-Mézières,57,FR,1659650925,89,49.7667,4.7167,69.78,8.19
207,Port-Cartier,100,CA,1659650925,92,50.0334,-66.8654,64.62,5.53
208,Yangi Marg`ilon,0,UZ,1659650926,35,40.4272,71.7189,75.81,1.92
209,Roald,75,NO,1659650378,87,62.5833,6.1333,56.16,5.75
210,Buala,55,SB,1659650926,68,-8.145,159.5921,83.16,8.7
211,Kununurra,72,AU,1659650926,94,-15.7667,128.7333,62.58,2.3
212,Mahébourg,40,MU,1659650426,68,-20.4081,57.7,70.09,16.11
214,Taihe,24,CN,1659650927,82,30.8712,105.3845,78.8,1.83
215,Nago,81,JP,1659650927,82,26.5881,127.9761,81.45,1.86
216,Máncora,70,PE,1659650928,69,-4.1078,-81.0475,71.92,11.34
217,The Valley,40,AI,1659650928,70,18.217,-63.0578,84.34,14.97
218,Santa Maria,91,BR,1659650717,92,-29.6842,-53.8069,54.79,11.07
219,Carbonia,0,IT,1659650929,57,39.1672,8.5222,81.01,4.27
220,Arraial do Cabo,0,BR,1659650346,83,-22.9661,-42.0278,73.26,9.22
221,Seoul,17,KR,1659650706,93,37.5683,126.9778,80.04,3.58
222,Omsukchan,88,RU,1659650929,83,62.5333,155.8,61.21,4.88
223,Torbay,92,CA,1659650734,62,47.6666,-52.7314,73.89,4.18
224,Vila Velha,0,BR,1659650209,77,-20.3297,-40.2925,75.15,14.97
225,Nanjangūd,100,IN,1659650930,92,12.1197,76.6828,70.29,12.91
226,Saint George,45,US,1659650347,27,37.1041,-113.5841,102.63,10.0
227,Vostok,100,RU,1659650931,84,46.4856,135.8833,67.24,3.13
228,Cape Canaveral,0,US,1659650870,69,28.4058,-80.6048,90.07,10.36
229,Terrace Bay,29,CA,1659650931,69,48.7834,-87.1,57.36,6.91
230,Ahipara,0,NZ,1659650931,74,-35.1667,173.1667,57.43,2.44
231,Usinsk,48,RU,1659650365,64,65.9939,57.5281,57.11,8.66
232,Salinópolis,61,BR,1659650391,82,-0.6136,-47.3561,79.11,10.27
233,Coyhaique,29,CL,1659650405,95,-45.5752,-72.0662,32.36,5.41
234,Sydney,75,AU,1659650845,80,-33.8679,151.2073,61.9,8.05
236,Tondon,100,GN,1659650932,99,10.3667,-13.35,72.84,0.78
237,Kolosovka,7,RU,1659650933,80,56.4678,73.611,56.79,3.91
238,Cimarron Hills,75,US,1659650717,35,38.8586,-104.6989,89.53,8.99
239,Gorontalo,80,ID,1659650933,94,0.5412,123.0595,74.17,3.15
240,Kokkola,0,FI,1659650934,88,63.8385,23.1307,62.92,9.22
241,Zmeinogorsk,72,RU,1659650934,60,51.1567,82.195,55.74,11.88
242,Kieta,94,PG,1659650934,73,-6.2167,155.6333,82.45,3.8
243,Baoning,95,CN,1659650935,93,25.3378,110.026,77.13,2.39
244,Nikolskoye,17,RU,1659650935,70,59.7035,30.7861,66.09,4.59
245,Chulumani,92,BO,1659650936,86,-16.4096,-67.5263,66.38,3.51
246,Anadyr,0,RU,1659650406,76,64.75,177.4833,57.7,4.47
247,Yeppoon,1,AU,1659650936,89,-23.1333,150.7333,62.38,5.39
248,Klyuchi,0,RU,1659650936,59,52.2667,79.1667,57.25,7.94
249,Richards Bay,19,ZA,1659650937,81,-28.783,32.0377,65.43,8.46
250,Lata,41,PT,1659650937,97,40.1629,-8.3327,66.81,1.74
251,Maniitsoq,100,GL,1659650358,96,65.4167,-52.9,41.95,25.28
252,Villarrica,100,PY,1659650938,74,-25.75,-56.4333,63.09,7.2
253,Isla Mujeres,78,MX,1659650938,66,21.2311,-86.731,87.85,9.1
254,Port-Gentil,89,GA,1659650387,76,-0.7193,8.7815,74.03,16.13
255,Orlik,28,RU,1659650938,80,52.5178,99.825,45.46,1.63
256,Kumul,90,CN,1659650939,25,42.8,93.45,86.94,6.73
257,Samagaltay,72,RU,1659650939,61,50.6022,95.0047,50.52,9.26
258,Zvenigovo,99,RU,1659650939,74,55.9742,48.0181,67.15,2.59
259,Qaanaaq,6,GL,1659650940,56,77.484,-69.3632,45.43,3.8
260,Salta,64,AR,1659650940,46,-24.7859,-65.4117,61.57,3.0
261,Ponta do Sol,5,PT,1659650940,79,32.6667,-17.1,74.03,8.9
262,Abū Zabad,93,SD,1659650941,76,12.35,29.25,76.01,9.51
263,Cairns,60,AU,1659650941,93,-16.9167,145.7667,73.06,4.61
264,Bengkulu,98,ID,1659650437,90,-3.8004,102.2655,73.56,3.94
265,Solnechnyy,19,RU,1659650288,84,50.7214,136.6319,64.49,3.4
266,Boysun,0,UZ,1659650942,30,38.2061,67.1986,69.17,4.61
267,Tevaitoa,45,PF,1659650942,78,-16.7833,-151.5,77.0,25.9
269,Kangaatsiaq,100,GL,1659650440,96,68.3065,-53.4641,42.71,7.63
270,Hokitika,100,NZ,1659650449,84,-42.7167,170.9667,50.92,6.11
271,Mayo,0,US,1659650943,76,38.8876,-76.5119,96.91,2.04
272,Wagar,91,SD,1659650944,46,16.1525,36.2032,89.85,7.31
273,Thyborøn,95,DK,1659650944,85,56.6985,8.2124,55.18,12.46
274,Walvis Bay,5,NA,1659650944,88,-22.9575,14.5053,53.1,3.8
275,Boa Vista,20,BR,1659650945,58,2.8197,-60.6733,85.98,5.75
276,Bambanglipuro,44,ID,1659650945,91,-7.95,110.2833,71.44,3.49
277,Payette,0,US,1659650946,22,44.0782,-116.9338,102.27,9.22
278,Hong Kong,99,HK,1659650163,93,22.2855,114.1577,78.94,10.0
279,Berlevåg,40,NO,1659650946,82,70.8578,29.0864,58.8,4.61
280,Dwārka,100,IN,1659650946,79,22.2394,68.9678,82.04,8.93
281,Wajima,29,JP,1659650947,87,37.4,136.9,78.01,0.45
282,Carnarvon,48,AU,1659650362,59,-24.8667,113.6333,58.84,13.71
283,Brae,15,GB,1659650947,79,60.3964,-1.353,50.45,7.61
284,Mareeba,53,AU,1659650718,89,-17.0,145.4333,68.43,2.39
285,Luwuk,41,ID,1659650948,82,-0.9516,122.7875,74.35,5.03
286,Miles City,0,US,1659650800,11,46.4083,-105.8406,103.17,17.27
287,Villa Carlos Paz,25,AR,1659650949,45,-31.4241,-64.4978,57.4,8.99
288,Kysyl-Syr,100,RU,1659650949,63,63.8986,122.7617,56.39,7.11
289,Thibodaux,93,US,1659650688,94,29.7958,-90.8229,84.18,1.99
290,Sālūmbar,100,IN,1659650949,86,24.1333,74.05,80.82,0.45
291,Bubaque,100,GW,1659650438,81,11.2833,-15.8333,79.75,11.79
292,Shāhgarh,77,IN,1659650950,84,24.3167,79.1333,79.38,4.56
293,Cuencamé de Ceniceros,57,MX,1659650951,25,24.8711,-103.6964,88.66,12.55
294,San Patricio,18,US,1659650951,43,28.017,-97.5169,98.19,18.97
295,Smolenka,17,RU,1659650951,100,52.1352,113.4974,54.95,4.47
296,Upernavik,100,GL,1659650375,79,72.7868,-56.1549,44.82,14.61
297,Kopervik,40,NO,1659650952,71,59.2835,5.3067,55.54,6.91
298,Verkhnyaya Inta,43,RU,1659650952,71,65.9811,60.3094,54.95,8.39
299,Oskaloosa,0,US,1659650953,58,41.2964,-92.6444,89.85,9.22
300,Paamiut,100,GL,1659650953,89,61.994,-49.6678,45.05,15.97
301,Flin Flon,100,CA,1659650953,63,54.7682,-101.865,64.24,9.22
302,Yulara,0,AU,1659650401,51,-25.2406,130.9889,46.8,7.23
303,São Miguel do Araguaia,1,BR,1659650954,26,-13.275,-50.1628,82.26,3.91
304,North Branch,0,US,1659650954,22,45.5113,-92.9802,91.08,6.22
305,Ixtapa,40,MX,1659650955,70,20.7,-105.2,91.22,13.8
306,Mt. Pleasant,0,US,1659650664,70,32.7941,-79.8626,89.31,9.22
307,Almaznyy,95,RU,1659650955,81,48.0448,40.045,68.07,8.19
309,Bereda,100,ES,1659650956,100,43.2686,-7.5406,65.41,8.01
310,Narasannapeta,100,IN,1659650674,81,18.4167,84.05,79.2,3.67
311,Uruçuí,37,BR,1659650956,48,-7.2294,-44.5561,83.41,11.36
312,Kuril'sk,60,RU,1659650957,86,45.2333,147.8833,54.36,10.36
313,La Ronge,100,CA,1659650957,61,55.1001,-105.2842,62.49,14.65
314,Le Port,76,RE,1659650958,60,-20.9373,55.2919,67.96,7.81
315,Portland,75,US,1659650681,53,45.5234,-122.6762,78.15,11.5
316,Aripuanã,73,BR,1659650958,40,-9.1667,-60.6333,86.67,1.5
317,Hailey,40,US,1659650958,26,43.5196,-114.3153,90.88,14.0
318,Hualmay,35,PE,1659650959,76,-11.0964,-77.6139,64.06,11.32
319,Meulaboh,100,ID,1659650685,74,4.1363,96.1285,75.87,2.8
320,Araxá,59,BR,1659650960,38,-19.5933,-46.9406,68.43,2.44
321,Fort Nelson,100,CA,1659650960,34,58.8053,-122.7002,68.99,5.77
322,Havre-St-Pierre,100,CA,1659650960,94,50.2334,-63.5986,61.16,3.44
323,Bonoua,81,CI,1659650961,83,5.2741,-3.595,74.82,4.85
324,Husavik,86,IS,1659650372,86,66.0449,-17.3389,44.29,7.25
325,Saskylakh,100,RU,1659650961,68,71.9167,114.0833,54.73,4.97
326,Bijie,9,CN,1659650962,91,27.3125,105.2942,64.4,0.45
327,Pitman,40,US,1659650962,57,39.7329,-75.1316,96.67,10.36
328,Beidao,3,CN,1659650962,91,34.5686,105.8933,69.71,2.13
329,Eston,39,CA,1659650963,22,51.1501,-108.7514,91.92,24.56
330,Isangel,1,VU,1659650963,76,-19.55,169.2667,78.8,5.21
331,Thompson,100,CA,1659650964,26,55.7435,-97.8558,69.73,2.53
332,Ostrovnoy,92,RU,1659650964,93,68.0531,39.5131,60.21,17.07
333,Morant Bay,58,JM,1659650964,72,17.8815,-76.4093,87.42,13.49
334,Tigil',100,RU,1659650965,73,57.8,158.6667,58.1,13.78
335,Oranjemund,0,NA,1659650380,90,-28.55,16.4333,52.84,8.19
337,Coahuayana Viejo,17,MX,1659650965,64,18.7333,-103.6833,89.82,6.82
338,Boende,51,CD,1659650966,86,-0.2167,20.8667,73.51,2.06
339,Abu Kamal,1,SY,1659650966,19,34.4506,40.9171,96.3,5.55
340,Port Alfred,61,ZA,1659650966,83,-33.5906,26.891,59.14,5.3
341,Rieti,8,IT,1659650967,63,42.4072,12.8592,76.39,3.09
342,Aksarka,12,RU,1659650967,75,66.5606,67.7975,56.88,6.15
343,Loikaw,100,MM,1659650968,97,19.6742,97.2094,66.76,2.1
345,Kushiro,75,JP,1659650968,88,42.975,144.3747,58.15,5.75
346,Segezha,37,RU,1659650968,75,63.7415,34.3222,61.75,10.38
347,Aquiraz,32,BR,1659650969,82,-3.9014,-38.3911,80.19,8.08
348,Kavieng,100,PG,1659650969,74,-2.5744,150.7967,82.76,12.59
349,Kovdor,85,RU,1659650969,94,67.5662,30.4758,57.27,6.82
350,Huadian,100,CN,1659650970,93,42.9633,126.7478,73.63,3.85
351,Esperance,93,AU,1659650970,74,-33.8667,121.9,48.04,17.72
352,Noumea,35,NC,1659650971,99,-22.2763,166.4572,75.99,8.61
353,Palana,100,RU,1659650971,93,59.1167,159.9667,50.29,20.31
354,São Félix do Xingu,58,BR,1659650971,38,-6.6447,-51.995,84.9,0.98
355,Yantal',94,RU,1659650972,97,56.8471,105.2542,50.67,3.74
356,Manavālakurichi,100,IN,1659650972,88,8.1333,77.3,76.41,20.22
357,San Cristobal,41,VE,1659650373,56,7.7669,-72.225,78.98,3.91
358,Abu Dhabi,6,AE,1659650887,73,24.4667,54.3667,93.31,9.93
359,Atambua,15,ID,1659650973,88,-9.1061,124.8925,67.5,3.96
360,Antigonish,48,CA,1659650973,61,45.6169,-61.9986,84.15,5.99
361,Vaitape,43,PF,1659650840,78,-16.5167,-151.75,77.32,25.41
362,Harwich,100,GB,1659650974,77,51.9419,1.2844,66.43,4.0
363,Cumana,98,VE,1659650974,87,10.4635,-64.1775,78.57,12.44
364,Kalmunai,100,LK,1659650974,66,7.4167,81.8167,80.2,8.43
365,Aksu,37,CN,1659650975,39,41.1231,80.2644,76.03,5.59
366,Province of Mantua,0,IT,1659650975,64,45.1667,10.7833,85.24,3.0
367,Marawi,100,PH,1659650975,91,7.9986,124.2928,69.4,3.09
368,São José da Coroa Grande,4,BR,1659650976,81,-8.8978,-35.1478,74.75,10.47
369,Nouakchott,100,MR,1659650976,81,18.0858,-15.9785,80.53,12.3
370,İnegöl,0,TR,1659650976,93,40.0781,29.5133,70.88,0.72
371,Eenhana,0,NA,1659650977,27,-17.4667,16.3333,62.92,6.13
372,Yadgir,100,IN,1659650888,90,16.7667,77.1333,75.94,7.16
373,Mount Isa,75,AU,1659650977,68,-20.7333,139.5,69.57,4.61
374,Aktash,100,RU,1659650978,95,50.3,87.7333,43.02,2.64
375,Făurei,47,RO,1659650978,61,45.0833,27.2667,70.83,6.82
376,Olafsvik,5,IS,1659650978,71,64.8945,-23.7142,49.78,7.18
377,Al Bardīyah,0,LY,1659650979,74,31.7561,25.0865,77.7,8.39
378,Faya,100,SA,1659650390,61,18.3851,42.4509,66.31,1.59
379,Alofi,40,NU,1659650388,69,-19.0595,-169.9187,78.69,17.27
380,Nālūt,0,LY,1659650979,28,30.3333,10.85,87.93,20.22
381,Bowen,2,AU,1659650980,87,-20.0167,148.2333,65.21,3.42
382,Fair Oaks,0,US,1659650980,24,38.6446,-121.2722,107.04,11.5
383,Te Anau,100,NZ,1659650980,77,-45.4167,167.7167,50.52,11.7
384,Tautira,91,PF,1659650981,79,-17.7333,-149.15,76.55,26.93
385,Biak,38,ID,1659650981,80,-0.9131,122.8766,73.78,6.35
386,Vila,38,PT,1659650982,89,42.0304,-8.1588,65.28,6.11
389,Asău,5,RO,1659650397,78,46.4333,26.4,67.28,4.72
390,Csorna,0,HU,1659650982,36,47.6115,17.2501,71.69,3.04
391,Grants,100,US,1659650983,56,35.1473,-107.8514,73.63,11.5
392,Caravelas,15,BR,1659650983,78,-17.7125,-39.2481,69.17,5.66
393,Urzhum,88,RU,1659650983,73,57.1141,49.9996,66.65,2.1
394,Deputatsky,7,RU,1659650385,60,69.3,139.9,46.11,0.36
395,Shestakovo,90,RU,1659650984,96,56.4915,103.96,50.2,3.51
396,Pristen',84,RU,1659650984,88,51.2355,36.6959,62.83,7.29
397,Altay,60,CN,1659650985,54,47.8667,88.1167,61.7,2.26
398,Thaton,100,MM,1659650985,95,16.9206,97.3714,75.78,4.07
399,Charagua,100,BO,1659650985,59,-19.8,-63.2167,62.17,6.46
400,Portoferraio,0,IT,1659650986,73,42.8115,10.3146,83.97,6.35
401,Hofn,45,IS,1659650986,70,64.2539,-15.2082,50.27,10.51
402,Urmia,2,IR,1659650986,56,37.5527,45.0761,73.51,3.56
403,Kaura Namoda,95,NG,1659650987,81,12.5898,6.5779,76.01,7.81
404,Vardø,95,NO,1659650987,87,70.3705,31.1107,51.78,4.61
405,Bezenchuk,53,RU,1659650988,54,52.982,49.4333,70.12,6.91
406,Örnsköldsvik,20,SE,1659650988,82,63.2909,18.7153,61.75,4.61
407,Gull Lake,53,CA,1659650988,12,50.1001,-108.4847,92.48,26.24
409,Iglino,0,RU,1659650989,76,54.8324,56.4126,53.69,3.22
410,Mazatán,75,MX,1659650989,79,14.8667,-92.45,87.87,11.5
411,Muros,64,ES,1659650823,74,42.7762,-9.0603,70.68,16.84
412,Lingao,100,CN,1659650990,83,19.9103,109.6859,79.75,2.15
413,Vao,96,NC,1659650990,84,-22.6667,167.4833,72.03,17.05
415,Provideniya,100,RU,1659650990,87,64.3833,-173.3,53.71,8.99
416,Ōdachō-ōda,4,JP,1659650991,82,35.1833,132.5,79.57,10.31
417,Chingola,0,ZM,1659650991,50,-12.529,27.8838,60.28,5.64
418,Čoka,0,RS,1659650992,41,45.9425,20.1433,73.8,5.88
419,Boyolangu,28,ID,1659650992,94,-8.1181,111.8935,70.03,0.94
420,Mil'kovo,99,RU,1659650992,64,54.7167,158.6167,62.22,3.06
421,Sarangani,100,PH,1659650993,72,5.4033,125.4636,82.18,4.97
422,Peterhead,63,GB,1659650993,77,57.5058,-1.7981,50.5,3.58
423,Rincon,40,US,1659650993,51,32.296,-81.2354,87.76,14.97
424,Marrakesh,40,MA,1659650908,35,31.6315,-8.0083,87.87,5.75
425,Likhoslavl',81,RU,1659650994,64,57.1275,35.464,68.85,3.24
426,Puerto Escondido,75,MX,1659650994,65,15.85,-97.0667,85.03,8.05
427,Saint-Pierre,0,RE,1659650407,77,-21.3393,55.4781,65.88,8.05
428,Nemuro,100,JP,1659650995,84,43.3236,145.575,58.21,9.93
429,Obama,100,JP,1659650995,88,35.4958,135.746,79.95,1.14
430,Garissa,4,KE,1659650996,76,-0.4536,39.6401,71.87,19.6
431,Tessalit,1,ML,1659650996,12,20.1986,1.0114,96.48,6.93
432,Uttarkāshi,91,IN,1659650996,88,30.7333,78.45,72.3,2.8
433,Show Low,0,US,1659650985,46,34.2542,-110.0298,82.08,12.66
434,San Luis,0,AR,1659650826,42,-33.295,-66.3356,56.95,1.39
435,Kousséri,93,CM,1659650997,73,12.0769,15.0306,79.7,0.29
436,Mopti,99,ML,1659650997,55,14.6667,-4.0,83.03,19.44
437,Znamensk,54,RU,1659650998,36,48.5842,45.7338,78.64,8.12
438,Āgaro,75,ET,1659650998,97,7.85,36.65,59.22,2.08
439,Labuan,100,MY,1659650998,82,5.2767,115.2417,79.92,10.45
440,Paragominas,100,BR,1659650999,85,-2.9667,-47.4833,75.96,3.38
442,Loukhi,99,RU,1659650999,97,66.0764,33.0381,59.86,5.3
443,Kindu,3,CD,1659651000,61,-2.95,25.95,72.91,0.94
444,Dhidhdhoo,100,MV,1659651000,85,6.8833,73.1,80.38,22.24
445,Azángaro,73,PE,1659651001,33,-14.9167,-70.2167,55.33,10.71
446,Guerrero Negro,1,MX,1659651001,56,27.9769,-114.0611,79.43,17.27
447,Tazovsky,100,RU,1659651001,90,67.4667,78.7,53.4,8.14
448,Alice Springs,19,AU,1659651002,66,-23.7,133.8833,49.55,9.22
449,Carauari,95,BR,1659651003,89,-4.8828,-66.8958,77.79,3.18
450,Soe,32,ID,1659650839,87,-9.8607,124.284,58.6,3.02
451,Tezu,100,IN,1659651003,94,27.9167,96.1667,76.57,2.51
452,Erice,0,IT,1659651004,66,38.037,12.5865,74.37,5.46
453,Parit Buntar,100,MY,1659651004,92,5.1267,100.4932,80.94,2.71
454,Quryq,0,KZ,1659651008,34,43.2,51.65,82.11,7.74
455,Skibbereen,93,IE,1659651008,81,51.55,-9.2667,54.1,9.51
456,Nānākuli,75,US,1659651009,54,21.3906,-158.1547,85.37,5.75
457,Ust'-Kan,100,RU,1659651009,94,50.9276,84.761,46.29,1.1
458,Durango,69,MX,1659650937,28,24.8333,-104.8333,84.04,12.95
460,Mariehamn,0,AX,1659651010,83,60.0973,19.9348,67.86,12.66
461,Lagoa,1,PT,1659651010,82,39.05,-27.9833,75.63,3.47
462,Islamkot,87,PK,1659651011,66,24.6997,70.177,85.37,10.65
463,Korla,0,CN,1659651012,34,41.7597,86.1469,81.39,3.22
464,Peniche,94,PT,1659650924,92,39.3558,-9.3811,68.29,18.92
465,Noyabrsk,32,RU,1659651012,54,63.1994,75.4507,61.45,7.0
466,Lishu,85,CN,1659651013,95,43.3047,124.3278,73.63,16.31
467,Hamilton,75,US,1659650727,81,39.1834,-84.5333,83.25,10.36
468,Betsiamites,100,CA,1659651013,92,48.9413,-68.646,65.95,8.25
470,Phuket,20,TH,1659651014,100,8.0,98.25,86.13,2.3
471,Øksfjord,96,NO,1659651014,91,70.2396,22.3479,55.99,1.07
472,Gobabis,0,NA,1659651015,19,-22.45,18.9667,51.87,6.35
473,Kaoma,0,ZM,1659651015,42,-14.7833,24.8,60.48,6.08
474,Alta Floresta,93,BR,1659651016,33,-9.8756,-56.0861,83.8,2.75
475,Selenduma,100,RU,1659651016,93,50.9131,106.2406,60.39,2.35
476,Sistranda,100,NO,1659650811,73,63.7256,8.834,51.76,13.29
477,Chui,100,UY,1659651017,94,-33.6971,-53.4616,51.31,15.86
478,Port Hedland,2,AU,1659651018,82,-20.3167,118.5667,51.85,0.0
479,Kīhei,40,US,1659650972,55,20.785,-156.4656,87.82,16.11
480,Nanortalik,100,GL,1659651018,87,60.1432,-45.2371,46.38,4.68
481,Gladstone,100,AU,1659651019,83,-23.85,151.25,67.93,1.14
482,Narsaq,89,GL,1659651019,86,60.9167,-46.05,50.22,2.26
484,Yakima,0,US,1659651020,31,46.4665,-120.6678,84.85,9.22
485,Cajamarca,75,PE,1659651020,77,-7.1638,-78.5003,57.27,0.0
486,Dukat,89,RU,1659651021,85,62.55,155.55,60.12,3.15
487,Sangmélima,100,CM,1659650831,81,2.9333,11.9833,70.86,4.68
488,Pinheiro Machado,100,BR,1659651021,99,-31.5783,-53.3811,49.05,14.83
489,Neuruppin,38,DE,1659651022,75,52.9282,12.8031,77.09,6.29
490,Smithers,100,CA,1659651022,81,54.7804,-127.1743,57.04,5.93
492,Doha,32,QA,1659651023,89,25.2867,51.5333,93.51,5.75
493,Taraz,31,KZ,1659651023,63,42.9,71.3667,66.61,6.71
494,Tarauacá,99,BR,1659651024,83,-8.1614,-70.7656,78.13,1.32
495,Joutseno,11,FI,1659651024,82,61.118,28.5076,64.45,8.61
496,Brownsville,0,US,1659651024,54,25.9018,-97.4975,96.1,21.85
497,Marsh Harbour,0,BS,1659650822,69,26.5412,-77.0636,84.11,13.82
498,Finnsnes,16,NO,1659651025,92,69.2296,17.9811,50.76,0.18
499,Aswān,55,EG,1659651025,19,24.0934,32.907,93.13,12.95
500,Ellensburg,0,US,1659651026,38,46.9965,-120.5479,83.25,36.82
501,Kruisfontein,78,ZA,1659651026,91,-34.0033,24.7314,52.03,4.34
502,Ayan,100,RU,1659651027,98,56.45,138.1667,55.92,11.21
503,Arrondissement de Nogent-le-Rotrou,100,FR,1659651027,84,48.3333,1.0,62.65,10.36
504,Grand Gaube,24,MU,1659651027,76,-20.0064,57.6608,70.2,13.0
505,Nome,100,US,1659651028,93,64.5011,-165.4064,52.16,0.0
506,Mogadishu,61,SO,1659651028,84,2.0371,45.3438,75.92,19.04
507,Phang Nga,100,TH,1659651029,90,8.4509,98.5298,77.04,1.77
508,Amahai,90,ID,1659651029,89,-3.3333,128.9167,76.35,2.59
509,Aleksandrov Gay,27,RU,1659651029,34,50.147,48.5704,77.43,8.99
510,North Bend,0,US,1659651030,79,43.4065,-124.2243,84.24,24.16
511,Kidal,33,ML,1659651030,19,18.4411,1.4078,97.0,11.61
512,Manzhouli,0,CN,1659651030,77,49.6,117.4333,61.27,14.47
513,Les Cayes,85,HT,1659651031,66,18.2,-73.75,83.93,11.1
515,Magadan,100,RU,1659651031,93,59.5667,150.8,58.53,8.68
516,Xiaoweizhai,52,CN,1659651032,96,26.1903,107.5125,70.0,3.38
517,Mae Chan,100,TH,1659651032,98,20.1467,99.8526,75.78,1.7
518,Las Vegas,0,US,1659650479,34,36.175,-115.1372,95.68,17.27
519,Mossamedes,0,AO,1659651033,78,-15.1961,12.1522,62.01,7.56
520,Tomatlán,67,MX,1659651033,57,19.9333,-105.25,91.27,10.29
521,Ha Tinh,100,VN,1659650813,83,18.3333,105.9,78.67,3.91
523,Roebourne,0,AU,1659651034,46,-20.7833,117.1333,61.16,10.83
524,Farnes,80,NO,1659651034,98,61.3167,7.8,48.34,5.39
525,Aykhal,100,RU,1659651034,94,66.0,111.5,43.16,12.48
526,Veracruz,0,MX,1659650907,52,19.3333,-96.6667,86.49,7.11
527,Dakar,98,SN,1659650968,84,14.6937,-17.4441,81.48,8.01
528,Douchy-les-Mines,100,FR,1659651035,86,50.3008,3.3927,69.78,3.6
529,Martapura,15,ID,1659651036,100,-3.4167,114.85,73.49,2.3
530,Imeni Poliny Osipenko,96,RU,1659651036,92,52.4201,136.4853,60.6,1.95
531,Menongue,7,AO,1659651037,40,-14.6585,17.691,61.74,4.27
533,Eureka,6,US,1659651037,75,40.8021,-124.1637,98.74,7.0
534,Colinas,75,BR,1659650830,59,-6.0258,-44.2492,80.6,4.81
535,Rantepao,49,ID,1659651037,97,-2.9701,119.8978,63.99,1.72
536,Santo Antônio do Sudoeste,88,BR,1659651038,97,-26.0736,-53.7253,62.33,6.4
537,Anaconda,82,US,1659651038,16,46.1285,-112.9423,86.99,22.19
538,Esim,65,GH,1659651039,81,4.8699,-2.2405,72.9,6.11
539,Morón,100,AR,1659651039,67,-34.6534,-58.6198,51.96,4.5
540,Namatanai,90,PG,1659651039,73,-3.6667,152.4333,81.7,7.54
543,Colesberg,67,ZA,1659651040,57,-30.72,25.0972,53.87,6.02
544,Kinablangan,100,PH,1659651040,84,7.6947,126.5503,77.85,2.21
545,Broome,20,US,1659651041,88,42.2506,-75.833,73.45,1.01
546,Serra Talhada,100,BR,1659651041,78,-7.9919,-38.2983,73.2,15.79
547,Conceição da Barra,24,BR,1659651041,73,-18.5933,-39.7322,70.27,6.8
548,Praia da Vitória,40,PT,1659651042,100,38.7333,-27.0667,76.75,2.06
549,Caxito,4,AO,1659651042,90,-8.5785,13.6643,65.46,2.44
551,Española,90,US,1659650853,29,35.9911,-106.0806,91.27,1.99
552,Praia,61,CV,1659651043,80,14.9215,-23.5087,77.68,8.21
553,Uyuni,0,BO,1659651043,15,-20.4597,-66.825,43.9,7.47
554,Kachug,80,RU,1659651043,85,53.9606,105.8817,51.84,2.19
555,Kitami,83,JP,1659651044,81,43.8031,143.8908,66.11,6.71
556,Rocha,100,UY,1659651044,89,-34.4833,-54.3333,50.07,13.44
557,Marzuq,89,YE,1659651044,56,14.4,46.4667,80.47,4.12
558,Dhrol,100,IN,1659651045,72,22.5667,70.4167,83.59,11.88
559,Vila do Maio,64,CV,1659651045,78,15.1333,-23.2167,77.86,8.99
560,Sechura,57,PE,1659651045,60,-5.5569,-80.8222,73.09,17.58
561,Kropotkin,51,RU,1659651046,81,45.4375,40.5756,71.87,6.29
562,Kerava,0,FI,1659651046,75,60.4034,25.105,68.14,5.75
563,Belaya Gora,100,RU,1659651047,55,68.5333,146.4167,51.51,6.82
564,Nandu,100,CN,1659651047,96,22.8525,110.8233,76.89,2.17
566,Linxia Chengguanzhen,12,CN,1659651047,88,35.6003,103.2064,62.35,2.68
567,Riyadh,9,SA,1659650810,35,24.6877,46.7219,95.14,10.42
568,Port Moresby,29,PG,1659650985,81,-9.4431,147.1797,78.26,1.52
569,Saint-François,0,FR,1659650452,64,46.4154,3.9054,72.84,4.61
570,Mahajanga,6,MG,1659651048,60,-15.7167,46.3167,69.85,6.73
571,Fortuna Foothills,75,US,1659651048,49,32.6578,-114.4119,93.29,9.22
572,Emba,84,KZ,1659651049,38,48.8264,58.1442,73.08,13.87
573,Laguna,0,US,1659651049,19,38.421,-121.4238,104.31,13.8
574,Vavoua,40,CI,1659651050,96,7.3819,-6.4778,70.0,3.44
575,Dunedin,100,NZ,1659651050,57,-45.8742,170.5036,56.16,11.41
576,Rundu,1,NA,1659651050,35,-17.9333,19.7667,65.07,5.75
577,Whitianga,0,NZ,1659651051,71,-36.8333,175.7,56.66,3.04
578,Chifeng,0,CN,1659651051,79,42.2683,118.9636,72.12,5.55
579,Porto Belo,100,BR,1659650812,92,-27.1578,-48.5531,69.26,5.48
580,Batagay-Alyta,100,RU,1659651051,78,67.8006,130.4114,48.25,1.45
581,Kisante,99,PH,1659651052,94,6.9231,125.155,70.16,0.31
582,Khovd,52,MN,1659651052,55,48.0056,91.6419,63.16,3.67
583,Rancho Palos Verdes,75,US,1659651052,80,33.7445,-118.387,87.08,16.11
584,Carnduff,0,CA,1659651053,17,49.1667,-101.8009,96.69,13.24
585,Khor,100,RU,1659651053,92,47.8861,134.9464,69.57,7.31
586,Grindavik,0,IS,1659651054,81,63.8424,-22.4338,50.47,11.5
587,Iberia,0,US,1659651054,74,29.9502,-91.7507,84.96,3.44
588,Semey,97,KZ,1659651054,50,50.4111,80.2275,60.58,9.13
590,Tiznit Province,3,MA,1659651055,27,29.5833,-9.5,84.47,0.78
591,Puerto Cabezas,100,NI,1659651055,85,14.0351,-83.3888,76.59,5.7
592,Tambopata,96,PE,1659651055,71,-12.7333,-69.1833,80.65,2.17
593,Manado,20,ID,1659651056,94,1.487,124.8455,74.17,1.14
594,Malé,100,MV,1659651056,81,4.1748,73.5089,80.13,19.06
595,Necochea,0,AR,1659651056,80,-38.5473,-58.7368,44.92,6.6
596,Neiafu,75,TO,1659651057,73,-18.65,-173.9833,79.48,10.36
597,Akureyri,97,IS,1659651057,86,65.6835,-18.0878,45.01,3.83
598,Nsanje,0,MW,1659651058,77,-16.92,35.262,66.78,2.62
599,Synya,16,RU,1659651058,66,65.3718,58.0387,54.23,3.69
600,Teknāf,93,BD,1659651058,93,20.8624,92.3058,78.64,9.19
601,Pinheiro,29,BR,1659651059,96,-2.5214,-45.0825,73.38,3.96
602,Feroke,100,IN,1659651059,94,11.1774,75.8337,72.54,13.8
603,Moose Factory,100,CA,1659651059,65,51.2585,-80.6094,64.78,1.99
604,Mineiros,61,BR,1659651060,29,-17.5694,-52.5511,75.47,0.76
605,Balkhash,13,KZ,1659651060,64,46.844,74.9804,69.39,11.83
606,Porto-Novo,99,BJ,1659651060,78,6.4965,2.6036,74.73,6.67
607,Youkounkoun,100,GN,1659651061,94,12.5333,-13.1333,74.35,3.27
608,Lapua,87,FI,1659651061,77,62.9693,23.0088,62.35,7.94
609,Jaguarão,100,BR,1659651061,93,-32.5661,-53.3758,53.69,20.18
610,Tawang Town,99,IN,1659651062,95,27.5833,91.8667,57.43,0.78
611,Gemeente Wageningen,75,NL,1659651062,88,51.9667,5.6667,68.09,3.44
612,Henties Bay,12,NA,1659651063,94,-22.116,14.2845,53.56,5.21
613,Havelock,64,US,1659650931,80,34.8791,-76.9013,87.98,12.77
614,Davydovo,87,RU,1659651063,65,55.6097,38.8569,73.22,4.56
615,Salekhard,10,RU,1659651064,79,66.53,66.6019,55.36,7.87
616,Rawson,45,AR,1659651064,50,-43.3002,-65.1023,45.82,22.66
617,Shulan,99,CN,1659651064,95,44.4167,126.95,72.97,14.18
618,Yerofey Pavlovich,100,RU,1659651065,98,53.9667,121.9667,63.52,3.36
619,Nizhnevartovsk,86,RU,1659651065,100,60.9344,76.5531,57.22,0.0
620,Akdepe,0,TM,1659651066,36,42.0551,59.3788,78.62,8.23
621,College,20,US,1659651066,50,64.8569,-147.8028,76.06,5.75
622,Nerchinskiy Zavod,87,RU,1659651066,93,51.3088,119.61,57.25,8.9
623,Mapiripán,60,CO,1659651067,83,2.8892,-72.1256,80.01,5.1
624,Napanee,100,CA,1659650813,60,44.2501,-76.9494,81.57,10.2
625,Kanniyākumāri,100,IN,1659651067,85,8.0833,77.5667,77.45,25.12
626,Varhaug,17,NO,1659651068,77,58.6147,5.6457,54.95,8.7
627,Xinqing,100,CN,1659651068,99,48.2333,129.5,67.68,8.55
628,Palu,74,ID,1659651069,95,-0.8917,119.8707,74.07,2.89
629,Hendrina,22,ZA,1659651069,53,-26.1588,29.7153,52.21,2.68
630,Itoman,75,JP,1659651069,89,26.1247,127.6694,82.42,4.61
632,Lebowakgomo,0,ZA,1659651070,48,-24.2,29.5,59.7,3.18
633,Northam,24,GB,1659651070,71,51.0333,-4.2167,59.61,10.63
634,Port Macquarie,100,AU,1659651071,90,-31.4333,152.9167,61.9,9.33
635,Balikpapan,99,ID,1659651071,90,-1.2675,116.8289,75.29,7.85
636,Salinas,0,US,1659651072,60,36.6777,-121.6555,93.0,19.57
